{"initial_reset_timestamp": 1572209182.625061, "timestamps": [1572209205.2447724, 1572209257.447012], "episode_lengths": [390, 1000], "episode_rewards": [33.64202795048709, 120.86299692822904], "episode_types": ["t", "t", "t"]}