{"initial_reset_timestamp": 1572605832.7725554, "timestamps": [1572605858.47161, 1572605876.9157753, 1572605889.760549, 1572605896.2093716], "episode_lengths": [436, 318, 641, 352], "episode_rewards": [-16.774571630763376, 38.58397436540207, 209.51597998672483, 3.8677090822875044], "episode_types": ["t", "t", "t", "t", "t"]}